period,hydro_mwh
2020-08-24,44962
2020-08-25,57657
2020-08-26,54563
2020-08-27,54447
2020-08-28,55051
2020-08-29,40739
2020-08-30,34667
2020-08-31,44136
2020-09-01,47842
2020-09-02,47398
2020-09-03,53746
2020-09-04,52759
2020-09-05,51051
2020-09-06,55842
2020-09-07,55161
2020-09-08,34111
2020-09-09,27817
2020-09-10,37322
2020-09-11,38813
2020-09-12,30161
2020-09-13,29439
2020-09-14,33060
2020-09-15,40045
2020-09-16,40460
2020-09-17,42380
2020-09-18,42568
2020-09-19,31763
2020-09-20,28280
2020-09-21,39862
2020-09-22,41161
2020-09-23,38980
2020-09-24,38245
2020-09-25,37315
2020-09-26,29708
2020-09-27,22988
2020-09-28,34847
2020-09-29,38445
2020-09-30,43250
2020-10-01,43337
2020-10-02,36618
2020-10-03,31278
2020-10-04,29607
2020-10-05,35961
2020-10-06,38971
2020-10-07,45676
2020-10-08,39500
2020-10-09,38142
2020-10-10,30725
2020-10-11,30445
2020-10-12,44206
2020-10-13,45880
2020-10-14,42795
2020-10-15,40381
2020-10-16,35814
2020-10-17,35925
2020-10-18,37757
2020-10-19,38354
2020-10-20,36174
2020-10-21,33871
2020-10-22,32968
2020-10-23,32138
2020-10-24,25238
2020-10-25,20489
2020-10-26,27277
2020-10-27,31642
2020-10-28,30320
2020-10-29,35252
2020-10-30,39026
2020-10-31,35466
2020-11-01,34992
2020-11-02,29327
2020-11-03,28296
2020-11-04,30076
2020-11-05,30089
2020-11-06,25188
2020-11-07,26841
2020-11-08,26205
2020-11-09,30374
2020-11-10,31804
2020-11-11,34839
2020-11-12,35697
2020-11-13,32561
2020-11-14,30032
2020-11-15,29288
2020-11-16,31863
2020-11-17,32664
2020-11-18,33534
2020-11-19,33436
2020-11-20,33537
2020-11-21,31914
2020-11-22,32718
2020-11-23,35392
2020-11-24,33975
2020-11-25,33925
2020-11-26,30019
2020-11-27,31280
2020-11-28,30014
2020-11-29,29942
2020-11-30,29964
2020-12-01,29319
2020-12-02,30304
2020-12-03,32125
2020-12-04,32224
2020-12-05,29153
2020-12-06,24730
2020-12-07,29489
2020-12-08,30161
2020-12-09,32794
2020-12-10,33826
2020-12-11,34787
2020-12-12,28418
2020-12-13,31210
2020-12-14,30893
2020-12-15,30421
2020-12-16,32586
2020-12-17,32913
2020-12-18,30434
2020-12-19,27672
2020-12-20,27494
2020-12-21,29666
2020-12-22,31529
2020-12-23,27046
2020-12-24,25919
2020-12-25,25727
2020-12-26,24494
2020-12-27,26016
2020-12-28,26503
2020-12-29,28740
2020-12-30,27968
2020-12-31,26715
2021-01-01,24777
2021-01-02,26130
2021-01-03,25827
2021-01-04,26494
2021-01-05,27175
2021-01-06,28240
2021-01-07,24698
2021-01-08,24441
2021-01-09,21684
2021-01-10,20474
2021-01-11,24547
2021-01-12,22699
2021-01-13,25218
2021-01-14,21881
2021-01-15,24019
2021-01-16,19306
2021-01-17,20248
2021-01-18,19868
2021-01-19,25499
2021-01-20,24232
2021-01-21,19294
2021-01-22,22057
2021-01-23,23683
2021-01-24,21989
2021-01-25,25480
2021-01-26,21730
2021-01-27,23926
2021-01-28,21183
2021-01-29,16074
2021-01-30,9541
2021-01-31,14677
2021-02-01,20045
2021-02-02,16661
2021-02-03,21698
2021-02-04,21979
2021-02-05,25357
2021-02-06,17287
2021-02-07,15432
2021-02-08,24460
2021-02-09,22980
2021-02-10,21467
2021-02-11,26941
2021-02-12,31926
2021-02-13,34351
2021-02-14,33465
2021-02-15,34355
2021-02-16,35099
2021-02-17,32137
2021-02-18,36087
2021-02-19,27369
2021-02-20,11398
2021-02-21,10547
2021-02-22,17132
2021-02-23,19393
2021-02-24,20209
2021-02-25,25144
2021-02-26,23971
2021-02-27,31958
2021-02-28,25321
2021-03-01,34222
2021-03-02,33217
2021-03-03,37821
2021-03-04,31452
2021-03-05,27907
2021-03-06,18019
2021-03-07,24636
2021-03-08,26150
2021-03-09,27010
2021-03-10,30119
2021-03-11,33690
2021-03-12,25357
2021-03-13,20731
2021-03-14,23147
2021-03-15,35678
2021-03-16,26384
2021-03-17,27438
2021-03-18,27219
2021-03-19,27587
2021-03-20,21427
2021-03-21,26119
2021-03-22,28006
2021-03-23,27920
2021-03-24,28868
2021-03-25,27728
2021-03-26,26310
2021-03-27,21279
2021-03-28,17623
2021-03-29,25826
2021-03-30,31401
2021-03-31,33078
2021-04-01,33524
2021-04-02,33079
2021-04-03,24170
2021-04-04,19910
2021-04-05,25117
2021-04-06,31678
2021-04-07,32088
2021-04-08,32811
2021-04-09,35672
2021-04-10,30926
2021-04-11,37143
2021-04-12,38156
2021-04-13,26618
2021-04-14,30486
2021-04-15,33993
2021-04-16,30250
2021-04-17,29162
2021-04-18,29240
2021-04-19,31358
2021-04-20,31773
2021-04-21,31108
2021-04-22,25076
2021-04-23,29644
2021-04-24,25791
2021-04-25,32237
2021-04-26,33201
2021-04-27,32856
2021-04-28,30155
2021-04-29,32225
2021-04-30,30933
2021-05-01,26902
2021-05-02,28161
2021-05-03,35697
2021-05-04,40731
2021-05-05,43845
2021-05-06,39340
2021-05-07,32156
2021-05-08,31140
2021-05-09,27856
2021-05-10,43885
2021-05-11,48438
2021-05-12,44782
2021-05-13,42516
2021-05-14,42687
2021-05-15,33675
2021-05-16,33992
2021-05-17,28666
2021-05-18,32259
2021-05-19,31529
2021-05-20,30846
2021-05-21,31481
2021-05-22,32218
2021-05-23,32028
2021-05-24,41033
2021-05-25,37112
2021-05-26,32840
2021-05-27,21306
2021-05-28,20727
2021-05-29,21370
2021-05-30,27846
2021-05-31,32234
2021-06-01,38653
2021-06-02,41114
2021-06-03,30334
2021-06-04,32266
2021-06-05,35611
2021-06-06,31641
2021-06-07,26403
2021-06-08,28524
2021-06-09,36439
2021-06-10,30225
2021-06-11,36500
2021-06-12,41323
2021-06-13,36052
2021-06-14,33201
2021-06-15,31763
2021-06-16,36764
2021-06-17,42204
2021-06-18,52534
2021-06-19,39220
2021-06-20,33732
2021-06-21,38503
2021-06-22,33664
2021-06-23,31867
2021-06-24,27790
2021-06-25,28951
2021-06-26,32786
2021-06-27,36407
2021-06-28,47197
2021-06-29,51349
2021-06-30,42984
2021-07-01,39671
2021-07-02,36682
2021-07-03,32394
2021-07-04,26477
2021-07-05,27215
2021-07-06,35798
2021-07-07,32380
2021-07-08,44612
2021-07-09,58948
2021-07-10,52415
2021-07-11,45026
2021-07-12,48282
2021-07-13,48440
2021-07-14,34582
2021-07-15,28692
2021-07-16,28543
2021-07-17,26978
2021-07-18,29657
2021-07-19,36732
2021-07-20,35848
2021-07-21,38810
2021-07-22,38243
2021-07-23,33178
2021-07-24,25384
2021-07-25,26414
2021-07-26,33804
2021-07-27,37011
2021-07-28,43132
2021-07-29,44917
2021-07-30,43600
2021-07-31,30583
2021-08-01,29554
2021-08-02,34592
2021-08-03,36345
2021-08-04,36525
2021-08-05,34967
2021-08-06,30881
2021-08-07,25247
2021-08-08,24702
2021-08-09,32249
2021-08-10,30331
2021-08-11,38738
2021-08-12,38174
2021-08-13,44864
2021-08-14,38188
2021-08-15,34951
2021-08-16,46044
2021-08-17,43859
2021-08-18,30925
2021-08-19,31326
2021-08-20,48099
2021-08-21,42061
2021-08-22,29046
2021-08-23,42610
2021-08-24,37955
2021-08-25,39374
2021-08-26,43945
2021-08-27,43222
2021-08-28,36582
2021-08-29,29673
2021-08-30,40880
2021-08-31,46930
2021-09-01,34285
2021-09-02,27326
2021-09-03,33845
2021-09-04,36128
2021-09-05,36415
2021-09-06,37620
2021-09-07,43218
2021-09-08,48446
2021-09-09,50327
2021-09-10,44210
2021-09-11,35025
2021-09-12,27836
2021-09-13,34379
2021-09-14,40825
2021-09-15,49711
2021-09-16,44548
2021-09-17,47935
2021-09-18,35535
2021-09-19,27834
2021-09-20,42357
2021-09-21,49033
2021-09-22,50049
2021-09-23,45269
2021-09-24,44649
2021-09-25,43583
2021-09-26,36614
2021-09-27,41933
2021-09-28,39265
2021-09-29,41093
2021-09-30,38288
2021-10-01,33720
2021-10-02,29450
2021-10-03,28750
2021-10-04,33981
2021-10-05,34241
2021-10-06,32140
2021-10-07,33412
2021-10-08,31140
2021-10-09,20826
2021-10-10,27209
2021-10-11,29179
2021-10-12,28669
2021-10-13,32145
2021-10-14,32460
2021-10-15,35994
2021-10-16,29453
2021-10-17,20977
2021-10-18,24376
2021-10-19,29490
2021-10-20,33388
2021-10-21,32308
2021-10-22,27984
2021-10-23,28801
2021-10-24,30043
2021-10-25,27684
2021-10-26,20946
2021-10-27,20768
2021-10-28,27240
2021-10-29,30975
2021-10-30,24848
2021-10-31,21651
2021-11-01,30091
2021-11-02,29242
2021-11-03,29062
2021-11-04,24218
2021-11-05,27918
2021-11-06,25356
2021-11-07,26467
2021-11-08,31612
2021-11-09,38241
2021-11-10,35011
2021-11-11,34717
2021-11-12,29823
2021-11-13,26661
2021-11-14,24440
2021-11-15,27296
2021-11-16,28837
2021-11-17,29913
2021-11-18,29045
2021-11-19,25886
2021-11-20,21190
2021-11-21,24148
2021-11-22,32550
2021-11-23,25909
2021-11-24,25758
2021-11-25,24542
2021-11-26,27834
2021-11-27,28074
2021-11-28,25544
2021-11-29,27355
2021-11-30,26913
2021-12-01,25037
2021-12-02,24592
2021-12-03,27686
2021-12-04,22274
2021-12-05,23655
2021-12-06,34068
2021-12-07,33553
2021-12-08,25700
2021-12-09,21471
2021-12-10,22776
2021-12-11,20953
2021-12-12,20478
2021-12-13,29234
2021-12-14,32710
2021-12-15,29094
2021-12-16,27374
2021-12-17,29461
2021-12-18,30539
2021-12-19,29448
2021-12-20,38435
2021-12-21,39688
2021-12-22,35889
2021-12-23,46782
2021-12-24,38114
2021-12-25,30689
2021-12-26,32546
2021-12-27,42218
2021-12-28,41448
2021-12-29,43302
2021-12-30,40389
2021-12-31,35468
2022-01-01,31742
2022-01-02,31651
2022-01-03,32540
2022-01-04,30408
2022-01-05,31842
2022-01-06,35847
2022-01-07,39456
2022-01-08,39657
2022-01-09,35731
2022-01-10,32355
2022-01-11,32916
2022-01-12,33484
2022-01-13,32428
2022-01-14,52454
2022-01-15,33210
2022-01-16,33431
2022-01-17,32989
2022-01-18,32362
2022-01-19,32422
2022-01-20,31204
2022-01-21,29362
2022-01-22,31034
2022-01-23,29518
2022-01-24,31514
2022-01-25,31466
2022-01-26,31159
2022-01-27,30619
2022-01-28,33569
2022-01-29,35753
2022-01-30,34455
2022-01-31,35459
2022-02-01,34363
2022-02-02,36118
2022-02-03,34243
2022-02-04,34380
2022-02-05,33524
2022-02-06,32917
2022-02-07,33980
2022-02-08,33561
2022-02-09,32652
2022-02-10,35693
2022-02-11,37827
2022-02-12,37089
2022-02-13,35936
2022-02-14,36811
2022-02-15,34429
2022-02-16,36832
2022-02-17,38632
2022-02-18,40128
2022-02-19,34854
2022-02-20,34665
2022-02-21,37085
2022-02-22,40859
2022-02-23,43383
2022-02-24,41047
2022-02-25,36818
2022-02-26,35485
2022-02-27,38323
2022-02-28,36537
2022-03-01,37863
2022-03-02,36041
2022-03-03,36779
2022-03-04,37481
2022-03-05,37897
2022-03-06,35694
2022-03-07,40318
2022-03-08,40019
2022-03-09,39585
2022-03-10,37170
2022-03-11,38307
2022-03-12,34870
2022-03-13,32894
2022-03-14,37288
2022-03-15,36772
2022-03-16,33587
2022-03-17,39563
2022-03-18,37922
2022-03-19,35321
2022-03-20,32532
2022-03-21,35739
2022-03-22,36901
2022-03-23,42163
2022-03-24,44619
2022-03-25,43685
2022-03-26,44915
2022-03-27,42812
2022-03-28,44477
2022-03-29,45097
2022-03-30,47765
2022-03-31,48086
2022-04-01,46301
2022-04-02,44124
2022-04-03,43261
2022-04-04,45969
2022-04-05,45305
2022-04-06,45572
2022-04-07,49416
2022-04-08,49023
2022-04-09,39853
2022-04-10,37674
2022-04-11,39835
2022-04-12,40505
2022-04-13,40917
2022-04-14,40762
2022-04-15,40254
2022-04-16,35431
2022-04-17,37123
2022-04-18,39679
2022-04-19,42021
2022-04-20,42434
2022-04-21,45755
2022-04-22,47762
2022-04-23,43016
2022-04-24,43631
2022-04-25,50364
2022-04-26,46422
2022-04-27,45992
2022-04-28,46502
2022-04-29,45405
2022-04-30,39967
2022-05-01,40567
2022-05-02,47332
2022-05-03,45947
2022-05-04,51593
2022-05-05,52695
2022-05-06,50623
2022-05-07,47335
2022-05-08,44534
2022-05-09,52128
2022-05-10,50927
2022-05-11,49332
2022-05-12,50158
2022-05-13,52096
2022-05-14,44966
2022-05-15,45367
2022-05-16,50200
2022-05-17,45437
2022-05-18,43679
2022-05-19,41609
2022-05-20,39198
2022-05-21,33632
2022-05-22,30277
2022-05-23,38853
2022-05-24,46760
2022-05-25,50683
2022-05-26,47940
2022-05-27,46050
2022-05-28,34306
2022-05-29,28246
2022-05-30,31222
2022-05-31,45731
2022-06-01,50653
2022-06-02,55063
2022-06-03,50988
2022-06-04,40480
2022-06-05,38140
2022-06-06,50468
2022-06-07,57544
2022-06-08,53190
2022-06-09,63016
2022-06-10,62937
2022-06-11,53415
2022-06-12,44809
2022-06-13,48819
2022-06-14,47075
2022-06-15,55876
2022-06-16,45035
2022-06-17,40117
2022-06-18,34378
2022-06-19,39559
2022-06-20,50208
2022-06-21,48735
2022-06-22,55854
2022-06-23,47672
2022-06-24,52531
2022-06-25,46144
2022-06-26,36726
2022-06-27,49126
2022-06-28,52656
2022-06-29,56471
2022-06-30,62311
2022-07-01,60230
2022-07-02,42702
2022-07-03,36673
2022-07-04,43137
2022-07-05,56474
2022-07-06,55498
2022-07-07,54865
2022-07-08,52417
2022-07-09,43851
2022-07-10,43146
2022-07-11,57698
2022-07-12,57309
2022-07-13,55411
2022-07-14,55713
2022-07-15,51934
2022-07-16,48191
2022-07-17,47480
2022-07-18,56911
2022-07-19,58808
2022-07-20,60041
2022-07-21,59993
2022-07-22,52954
2022-07-23,48173
2022-07-24,44902
2022-07-25,52723
2022-07-26,57230
2022-07-27,55710
2022-07-28,56520
2022-07-29,53434
2022-07-30,50525
2022-07-31,48302
2022-08-01,48778
2022-08-02,46546
2022-08-03,56474
2022-08-04,56995
2022-08-05,52160
2022-08-06,42147
2022-08-07,39163
2022-08-08,55815
2022-08-09,51740
2022-08-10,50459
2022-08-11,49650
2022-08-12,48351
2022-08-13,44549
2022-08-14,46012
2022-08-15,57406
2022-08-16,58857
2022-08-17,59978
2022-08-18,60107
2022-08-19,59950
2022-08-20,46013
2022-08-21,39757
2022-08-22,51401
2022-08-23,56820
2022-08-24,58892
2022-08-25,59482
2022-08-26,53657
2022-08-27,37747
2022-08-28,37277
2022-08-29,51340
2022-08-30,48205
2022-08-31,58611
2022-09-01,59024
2022-09-02,52933
2022-09-03,50915
2022-09-04,57470
2022-09-05,60857
2022-09-06,66972
2022-09-07,65132
2022-09-08,63533
2022-09-09,63555
2022-09-10,53636
2022-09-11,48112
2022-09-12,49326
2022-09-13,45238
2022-09-14,46404
2022-09-15,47738
2022-09-16,55058
2022-09-17,52134
2022-09-18,51355
2022-09-19,58047
2022-09-20,48765
2022-09-21,36495
2022-09-22,35979
2022-09-23,37294
2022-09-24,41888
2022-09-25,38745
2022-09-26,52497
2022-09-27,50673
2022-09-28,50386
2022-09-29,41110
2022-09-30,42631
2022-10-01,35945
2022-10-02,31828
2022-10-03,34925
2022-10-04,32601
2022-10-05,33198
2022-10-06,33909
2022-10-07,35521
2022-10-08,30069
2022-10-09,27305
2022-10-10,26700
2022-10-11,28779
2022-10-12,30702
2022-10-13,33996
2022-10-14,28808
2022-10-15,23621
2022-10-16,21108
2022-10-17,27020
2022-10-18,21397
2022-10-19,30460
2022-10-20,36945
2022-10-21,28460
2022-10-22,21011
2022-10-23,21502
2022-10-24,25902
2022-10-25,23322
2022-10-26,29573
2022-10-27,30985
2022-10-28,20271
2022-10-29,24072
2022-10-30,18941
2022-10-31,28953
2022-11-01,26546
2022-11-02,28542
2022-11-03,25863
2022-11-04,23562
2022-11-05,17023
2022-11-06,16553
2022-11-07,20927
2022-11-08,28234
2022-11-09,26338
2022-11-10,27522
2022-11-11,29578
2022-11-12,26331
2022-11-13,21149
2022-11-14,31325
2022-11-15,31383
2022-11-16,28189
2022-11-17,26441
2022-11-18,25854
2022-11-19,16923
2022-11-20,23856
2022-11-21,33357
2022-11-22,31268
2022-11-23,36557
2022-11-24,26316
2022-11-25,24116
2022-11-26,30311
2022-11-27,32084
2022-11-28,28465
2022-11-29,25486
2022-11-30,28494
2022-12-01,25864
2022-12-02,24170
2022-12-03,20018
2022-12-04,18584
2022-12-05,28193
2022-12-06,24917
2022-12-07,24155
2022-12-08,29807
2022-12-09,32251
2022-12-10,38169
2022-12-11,33660
2022-12-12,37665
2022-12-13,27992
2022-12-14,30397
2022-12-15,39226
2022-12-16,36151
2022-12-17,34236
2022-12-18,39232
2022-12-19,46577
2022-12-20,46231
2022-12-21,37400
2022-12-22,45196
2022-12-23,42211
2022-12-24,36250
2022-12-25,32075
2022-12-26,37546
2022-12-27,45984
2022-12-28,47502
2022-12-29,52745
2022-12-30,50529
2022-12-31,51062
2023-01-01,51593
2023-01-02,44814
2023-01-03,43680
2023-01-04,48278
2023-01-05,49119
2023-01-06,55471
2023-01-07,53719
2023-01-08,53607
2023-01-09,58032
2023-01-10,60433
2023-01-11,60590
2023-01-12,62591
2023-01-13,57402
2023-01-14,56988
2023-01-15,57075
2023-01-16,60588
2023-01-17,56585
2023-01-18,48728
2023-01-19,47917
2023-01-20,43756
2023-01-21,35713
2023-01-22,35871
2023-01-23,41652
2023-01-24,43510
2023-01-25,42183
2023-01-26,42705
2023-01-27,36930
2023-01-28,29677
2023-01-29,33288
2023-01-30,44076
2023-01-31,41785
2023-02-01,41164
2023-02-02,39023
2023-02-03,32669
2023-02-04,28645
2023-02-05,33048
2023-02-06,39947
2023-02-07,41938
2023-02-08,43333
2023-02-09,43397
2023-02-10,42515
2023-02-11,38186
2023-02-12,37736
2023-02-13,42061
2023-02-14,44508
2023-02-15,49794
2023-02-16,52672
2023-02-17,50773
2023-02-18,42966
2023-02-19,38922
2023-02-20,44700
2023-02-21,49801
2023-02-22,53552
2023-02-23,64144
2023-02-24,66269
2023-02-25,50775
2023-02-26,44507
2023-02-27,49449
2023-02-28,52421
2023-03-01,50764
2023-03-02,49246
2023-03-03,45747
2023-03-04,45841
2023-03-05,46277
2023-03-06,55612
2023-03-07,57900
2023-03-08,64561
2023-03-09,65087
2023-03-10,61779
2023-03-11,55756
2023-03-12,59467
2023-03-13,57873
2023-03-14,62178
2023-03-15,58704
2023-03-16,67649
2023-03-17,74526
2023-03-18,75599
2023-03-19,81847
2023-03-20,80174
2023-03-21,87556
2023-03-22,84171
2023-03-23,83450
2023-03-24,81790
2023-03-25,86164
2023-03-26,85905
2023-03-27,89629
2023-03-28,94336
2023-03-29,87791
2023-03-30,83061
2023-03-31,84730
2023-04-01,87641
2023-04-02,82703
2023-04-03,79271
2023-04-04,74837
2023-04-05,76768
2023-04-06,77137
2023-04-07,80412
2023-04-08,80085
2023-04-09,78192
2023-04-10,84140
2023-04-11,93297
2023-04-12,88628
2023-04-13,87909
2023-04-14,91231
2023-04-15,95738
2023-04-16,98257
2023-04-17,96958
2023-04-18,91896
2023-04-19,86977
2023-04-20,85708
2023-04-21,88340
2023-04-22,85540
2023-04-23,81331
2023-04-24,76588
2023-04-25,85152
2023-04-26,83338
2023-04-27,80140
2023-04-28,81533
2023-04-29,86737
2023-04-30,87687
2023-05-01,81536
2023-05-02,84550
2023-05-03,80137
2023-05-04,78412
2023-05-05,72964
2023-05-06,72053
2023-05-07,74751
2023-05-08,83148
2023-05-09,81653
2023-05-10,86365
2023-05-11,86960
2023-05-12,93393
2023-05-13,91069
2023-05-14,97638
2023-05-15,101804
2023-05-16,90783
2023-05-17,86066
2023-05-18,86119
2023-05-19,85375
2023-05-20,72755
2023-05-21,79235
2023-05-22,82260
2023-05-23,80368
2023-05-24,77522
2023-05-25,81751
2023-05-26,76085
2023-05-27,86298
2023-05-28,82607
2023-05-29,85492
2023-05-30,95418
2023-05-31,82335
2023-06-01,91933
2023-06-02,96495
2023-06-03,94038
2023-06-04,94460
2023-06-05,101256
2023-06-06,95114
2023-06-07,96794
2023-06-08,93624
2023-06-09,94174
2023-06-10,91461
2023-06-11,81280
2023-06-12,85558
2023-06-13,86318
2023-06-14,83246
2023-06-15,91472
2023-06-16,92712
2023-06-17,83523
2023-06-18,72664
2023-06-19,77396
2023-06-20,81993
2023-06-21,81612
2023-06-22,84567
2023-06-23,82532
2023-06-24,80172
2023-06-25,79204
2023-06-26,83103
2023-06-27,85324
2023-06-28,84709
2023-06-29,83759
2023-06-30,85643
2023-07-01,85822
2023-07-02,82039
2023-07-03,88195
2023-07-04,80086
2023-07-05,82523
2023-07-06,84030
2023-07-07,85241
2023-07-08,80274
2023-07-09,78888
2023-07-10,85501
2023-07-11,91839
2023-07-12,89611
2023-07-13,88377
2023-07-14,93922
2023-07-15,90929
2023-07-16,93566
2023-07-17,93737
2023-07-18,85692
2023-07-19,80874
2023-07-20,81932
2023-07-21,88838
2023-07-22,88491
2023-07-23,90987
2023-07-24,85024
2023-07-25,82628
2023-07-26,91620
2023-07-27,89072
2023-07-28,82345
2023-07-29,82324
2023-07-30,82527
2023-07-31,87888
2023-08-01,92098
2023-08-02,81751
2023-08-03,74421
2023-08-04,81115
2023-08-05,85561
2023-08-06,81921
2023-08-07,85354
2023-08-08,77246
2023-08-09,78011
2023-08-10,75005
2023-08-11,72028
2023-08-12,72394
2023-08-13,79753
2023-08-14,84381
2023-08-15,89603
2023-08-16,90942
2023-08-17,87008
2023-08-18,76554
2023-08-19,80751
2023-08-20,76143
2023-08-21,77009
2023-08-22,75965
2023-08-23,83846
2023-08-24,83721
2023-08-25,81911
2023-08-26,70918
2023-08-27,74770
2023-08-28,83830
2023-08-29,74622
2023-08-30,84294
2023-08-31,84938
2023-09-01,79174
2023-09-02,81245
2023-09-03,79736
2023-09-04,73073
2023-09-05,85821
2023-09-06,85335
2023-09-07,75472
2023-09-08,78727
2023-09-09,81333
2023-09-10,76696
2023-09-11,75820
2023-09-12,74781
2023-09-13,70640
2023-09-14,77916
2023-09-15,80329
2023-09-16,70850
2023-09-17,68338
2023-09-18,66501
2023-09-19,71317
2023-09-20,79331
2023-09-21,75787
2023-09-22,75977
2023-09-23,74290
2023-09-24,67986
2023-09-25,73201
2023-09-26,77020
2023-09-27,77408
2023-09-28,69834
2023-09-29,72914
2023-09-30,75490
2023-10-01,53380
2023-10-02,47197
2023-10-03,44277
2023-10-04,49661
2023-10-05,57545
2023-10-06,57173
2023-10-07,59961
2023-10-08,50457
2023-10-09,52853
2023-10-10,51133
2023-10-11,49756
2023-10-12,46841
2023-10-13,45036
2023-10-14,49674
2023-10-15,49397
2023-10-16,47365
2023-10-17,48988
2023-10-18,51633
2023-10-19,57305
2023-10-20,56798
2023-10-21,48205
2023-10-22,44655
2023-10-23,50335
2023-10-24,53017
2023-10-25,54802
2023-10-26,55674
2023-10-27,56923
2023-10-28,50546
2023-10-29,48472
2023-10-30,53231
2023-10-31,50054
2023-11-01,39471
2023-11-02,39801
2023-11-03,42964
2023-11-04,37661
2023-11-05,39271
2023-11-06,40106
2023-11-07,37622
2023-11-08,42204
2023-11-09,25697
2023-11-10,27003
2023-11-11,42412
2023-11-12,44396
2023-11-13,49298
2023-11-14,50797
2023-11-15,50475
2023-11-16,50499
2023-11-17,53709
2023-11-18,54706
2023-11-19,48543
2023-11-20,51402
2023-11-21,54336
2023-11-22,52622
2023-11-23,43449
2023-11-24,44042
2023-11-25,52660
2023-11-26,50568
2023-11-27,55559
2023-11-28,54921
2023-11-29,52602
2023-11-30,52012
2023-12-01,45515
2023-12-02,36524
2023-12-03,34195
2023-12-04,45587
2023-12-05,37496
2023-12-06,37443
2023-12-07,34311
2023-12-08,38744
2023-12-09,44556
2023-12-10,31556
2023-12-11,51640
2023-12-12,51209
2023-12-13,50118
2023-12-14,50718
2023-12-15,45875
2023-12-16,39513
2023-12-17,38156
2023-12-18,44679
2023-12-19,44763
2023-12-20,59785
2023-12-21,55261
2023-12-22,60056
2023-12-23,62311
2023-12-24,53301
2023-12-25,46040
2023-12-26,53810
2023-12-27,56782
2023-12-28,55103
2023-12-29,56245
2023-12-30,47712
2023-12-31,50642
2024-01-01,48816
2024-01-02,55284
2024-01-03,58446
2024-01-04,53560
2024-01-05,51458
2024-01-06,41601
2024-01-07,38874
2024-01-08,46156
2024-01-09,42069
2024-01-10,47244
2024-01-11,44848
2024-01-12,50860
2024-01-13,45409
2024-01-14,48248
2024-01-15,53940
2024-01-16,55487
2024-01-17,53460
2024-01-18,42150
2024-01-19,48358
2024-01-20,46864
2024-01-21,38799
2024-01-22,52699
2024-01-23,49773
2024-01-24,52511
2024-01-25,45163
2024-01-26,51826
2024-01-27,43726
2024-01-28,32221
2024-01-29,40173
2024-01-30,46492
2024-01-31,51336
2024-02-01,54180
2024-02-02,52647
2024-02-03,52144
2024-02-04,54461
2024-02-05,54903
2024-02-06,58919
2024-02-07,53591
2024-02-08,45469
2024-02-09,50152
2024-02-10,42395
2024-02-11,32585
2024-02-12,40420
2024-02-13,46084
2024-02-14,51310
2024-02-15,54972
2024-02-16,59239
2024-02-17,65587
2024-02-18,57278
2024-02-19,67267
2024-02-20,69478
2024-02-21,68056
2024-02-22,67626
2024-02-23,71826
2024-02-24,68817
2024-02-25,71063
2024-02-26,70645
2024-02-27,75746
2024-02-28,71468
2024-02-29,81947
2024-03-01,75119
2024-03-02,76699
2024-03-03,78445
2024-03-04,71666
2024-03-05,73349
2024-03-06,70996
2024-03-07,72009
2024-03-08,68135
2024-03-09,67308
2024-03-10,70757
2024-03-11,67400
2024-03-12,76877
2024-03-13,68079
2024-03-14,79404
2024-03-15,71114
2024-03-16,70094
2024-03-17,71554
2024-03-18,72789
2024-03-19,71125
2024-03-20,64779
2024-03-21,72560
2024-03-22,77772
2024-03-23,78821
2024-03-24,78362
2024-03-25,74241
2024-03-26,72001
2024-03-27,81344
2024-03-28,75106
2024-03-29,78939
2024-03-30,79002
2024-03-31,74598
2024-04-01,72057
2024-04-02,69532
2024-04-03,74529
2024-04-04,79941
2024-04-05,73087
2024-04-06,60187
2024-04-07,61161
2024-04-08,69570
2024-04-09,70783
2024-04-10,76636
2024-04-11,77414
2024-04-12,67135
2024-04-13,75045
2024-04-14,68011
2024-04-15,64535
2024-04-16,70975
2024-04-17,79465
2024-04-18,83113
2024-04-19,73435
2024-04-20,75565
2024-04-21,77372
2024-04-22,87165
2024-04-23,83065
2024-04-24,81905
2024-04-25,84126
2024-04-26,86939
2024-04-27,72182
2024-04-28,64767
2024-04-29,80818
2024-04-30,80532
2024-05-01,76862
2024-05-02,82886
2024-05-03,80806
2024-05-04,94799
2024-05-05,78168
2024-05-06,81160
2024-05-07,80767
2024-05-08,84489
2024-05-09,84805
2024-05-10,88596
2024-05-11,94503
2024-05-12,92524
2024-05-13,97205
2024-05-14,91390
2024-05-15,104563
2024-05-16,83822
2024-05-17,78923
2024-05-18,76260
2024-05-19,73159
2024-05-20,81714
2024-05-21,84452
2024-05-22,90896
2024-05-23,86259
2024-05-24,88677
2024-05-25,81236
2024-05-26,78049
2024-05-27,85923
2024-05-28,85600
2024-05-29,80310
2024-05-30,85517
2024-05-31,88091
2024-06-01,72924
2024-06-02,79642
2024-06-03,86788
2024-06-04,83711
2024-06-05,88577
2024-06-06,91475
2024-06-07,80659
2024-06-08,74288
2024-06-09,69090
2024-06-10,80530
2024-06-11,87339
2024-06-12,86046
2024-06-13,80616
2024-06-14,78885
2024-06-15,65578
2024-06-16,68064
2024-06-17,64114
2024-06-18,67965
2024-06-19,67062
2024-06-20,67829
2024-06-21,73810
2024-06-22,71285
2024-06-23,74467
2024-06-24,65545
2024-06-25,69387
2024-06-26,70326
2024-06-27,67420
2024-06-28,68569
2024-06-29,62312
2024-06-30,65752
2024-07-01,68493
2024-07-02,74208
2024-07-03,62031
2024-07-04,84237
2024-07-05,86461
2024-07-06,86904
2024-07-07,76026
2024-07-08,79831
2024-07-09,83117
2024-07-10,74715
2024-07-11,86078
2024-07-12,79452
2024-07-13,80681
2024-07-14,75610
2024-07-15,73656
2024-07-16,83763
2024-07-17,71789
2024-07-18,84040
2024-07-19,74842
2024-07-20,83220
2024-07-21,74153
2024-07-22,73765
2024-07-23,87032
2024-07-24,77808
2024-07-25,90482
2024-07-26,75019
2024-07-27,78371
2024-07-28,62021
2024-07-29,68991
2024-07-30,76930
2024-07-31,66174
2024-08-01,87376
2024-08-02,78980
2024-08-03,81460
2024-08-04,74318
2024-08-05,75157
2024-08-06,78510
2024-08-07,84906
2024-08-08,84089
2024-08-09,79056
2024-08-10,82493
2024-08-11,79564
2024-08-12,76978
2024-08-13,83654
2024-08-14,70173
2024-08-15,85129
2024-08-16,76344
2024-08-17,79069
2024-08-18,69421
2024-08-19,74800
2024-08-20,87222
2024-08-21,77846
2024-08-22,85006
2024-08-23,69268
2024-08-24,71535
2024-08-25,70654
2024-08-26,77188
2024-08-27,83867
2024-08-28,71844
2024-08-29,77981
2024-08-30,68756
2024-08-31,71776
2024-09-01,66874
2024-09-02,71168
2024-09-03,66709
2024-09-04,80879
2024-09-05,75947
2024-09-06,77722
2024-09-07,82776
2024-09-08,71442
2024-09-09,71783
2024-09-10,80126
2024-09-11,63424
2024-09-12,61392
2024-09-13,60579
2024-09-14,66658
2024-09-15,60811
2024-09-16,63083
2024-09-17,63921
2024-09-18,57078
2024-09-19,66112
2024-09-20,60100
2024-09-21,54230
2024-09-22,57421
2024-09-23,55255
2024-09-24,62496
2024-09-25,49504
2024-09-26,64003
2024-09-27,59804
2024-09-28,64401
2024-09-29,61518
2024-09-30,56101
2024-10-01,58858
2024-10-02,50540
2024-10-03,48087
2024-10-04,46609
2024-10-05,40559
2024-10-06,42216
2024-10-07,41514
2024-10-08,46441
2024-10-09,37774
2024-10-10,42626
2024-10-11,36220
2024-10-12,39666
2024-10-13,36854
2024-10-14,37594
2024-10-15,40110
2024-10-16,42937
2024-10-17,40306
2024-10-18,39504
2024-10-19,36458
2024-10-20,37663
2024-10-21,33134
2024-10-22,32226
2024-10-23,31806
2024-10-24,34130
2024-10-25,33112
2024-10-26,34733
2024-10-27,35968
2024-10-28,35446
2024-10-29,31794
2024-10-30,33968
2024-10-31,36148
2024-11-01,37077
2024-11-03,37538
2024-11-04,29944
2024-11-05,36813
2024-11-06,36885
2024-11-07,36866
2024-11-08,35093
2024-11-09,35265
2024-11-10,33172
2024-11-11,36072
2024-11-12,34078
2024-11-13,36791
2024-11-14,40173
2024-11-15,37445
2024-11-16,32744
2024-11-17,33901
2024-11-18,34448
2024-11-19,37823
2024-11-20,34080
2024-11-21,35848
2024-11-22,39174
2024-11-23,41684
2024-11-24,36788
2024-11-25,42641
2024-11-26,45341
2024-11-27,43090
2024-11-28,42445
2024-11-29,41379
2024-11-30,37307
2024-12-01,33870
2024-12-02,35937
2024-12-03,38165
2024-12-04,35016
2024-12-05,36248
2024-12-06,34462
2024-12-07,37564
2024-12-08,31998
2024-12-09,30904
2024-12-10,34182
2024-12-11,34382
2024-12-12,35769
2024-12-13,34339
2024-12-14,35210
2024-12-15,32363
2024-12-16,35168
2024-12-17,35464
2024-12-18,36211
2024-12-19,37977
2024-12-20,38621
2024-12-21,42134
2024-12-22,43853
2024-12-23,47067
2024-12-24,50395
2024-12-25,49954
2024-12-26,48782
2024-12-27,53420
2024-12-28,50380
2024-12-29,49643
2024-12-30,52988
2024-12-31,54223
2025-01-01,50496
2025-01-02,49177
2025-01-03,48902
2025-01-04,45446
2025-01-05,46528
2025-01-06,47323
2025-01-07,44560
2025-01-08,46382
2025-01-09,45690
2025-01-10,44281
2025-01-11,43606
2025-01-12,42926
2025-01-13,44302
2025-01-14,44155
2025-01-15,41934
2025-01-16,43206
2025-01-17,43007
2025-01-18,44772
2025-01-19,46370
2025-01-20,47755
2025-01-21,48461
2025-01-22,49006
2025-01-23,41717
2025-01-24,38172
2025-01-25,36594
2025-01-26,38806
2025-01-27,35824
2025-01-28,34448
2025-01-29,32087
2025-01-30,43067
2025-01-31,49442
2025-02-01,58677
2025-02-02,66245
2025-02-03,66838
2025-02-04,63307
2025-02-05,60501
2025-02-06,67836
2025-02-07,71387
2025-02-08,70146
2025-02-09,67227
2025-02-10,55691
2025-02-11,57343
2025-02-12,61250
2025-02-13,66508
2025-02-14,64064
2025-02-15,58569
2025-02-16,57678
2025-02-17,57746
2025-02-18,52845
2025-02-19,51715
2025-02-20,56995
2025-02-21,55906
2025-02-22,58752
2025-02-23,57020
2025-02-24,57275
2025-02-25,51310
2025-02-26,57761
2025-02-27,59038
2025-02-28,63089
2025-03-01,60338
2025-03-02,59646
2025-03-03,56557
2025-03-04,49876
2025-03-05,51908
2025-03-06,58185
2025-03-07,57862
2025-03-08,57559
2025-03-09,48709
2025-03-10,54328
2025-03-11,59447
2025-03-12,58888
2025-03-13,60521
2025-03-14,62710
2025-03-15,60576
2025-03-16,63047
2025-03-17,61829
2025-03-18,61689
2025-03-19,62677
2025-03-20,62579
2025-03-21,64565
2025-03-22,65938
2025-03-23,64954
2025-03-24,66488
2025-03-25,71786
2025-03-26,70285
2025-03-27,67128
2025-03-28,73001
2025-03-29,74331
2025-03-30,66531
2025-03-31,67254
2025-04-01,67623
2025-04-02,70462
2025-04-03,65389
2025-04-04,66828
2025-04-05,62236
2025-04-06,55218
2025-04-07,64112
2025-04-08,70226
2025-04-09,69791
2025-04-10,62647
2025-04-11,72249
2025-04-12,67569
2025-04-13,72070
2025-04-14,80539
2025-04-15,78448
2025-04-16,68915
2025-04-17,72764
2025-04-18,76454
2025-04-19,74963
2025-04-20,65510
2025-04-21,73321
2025-04-22,76447
2025-04-23,73755
2025-04-24,74870
2025-04-25,68738
2025-04-26,63054
2025-04-27,58027
2025-04-28,67090
2025-04-29,63597
2025-04-30,74817
2025-05-01,73062
2025-05-02,70294
2025-05-03,64501
2025-05-04,63787
2025-05-05,72262
2025-05-06,79620
2025-05-07,79616
2025-05-08,75956
2025-05-09,83633
2025-05-10,79085
2025-05-11,68928
2025-05-12,66391
2025-05-13,62589
2025-05-14,66827
2025-05-15,67011
2025-05-16,68233
2025-05-17,65691
2025-05-18,55855
2025-05-19,65422
2025-05-20,70407
2025-05-21,75370
2025-05-22,72762
2025-05-23,75038
2025-05-24,69903
2025-05-25,70083
2025-05-26,65856
2025-05-27,75359
2025-05-28,77364
2025-05-29,69530
2025-05-30,72923
2025-05-31,75125
2025-06-01,68304
2025-06-02,67290
2025-06-03,66795
2025-06-04,70464
2025-06-05,70450
2025-06-06,74466
2025-06-07,72005
2025-06-08,73106
2025-06-09,75697
2025-06-10,76372
2025-06-11,73891
2025-06-12,68584
2025-06-13,68362
2025-06-14,71471
2025-06-15,72585
2025-06-16,73306
2025-06-17,67920
2025-06-18,68183
2025-06-19,63737
2025-06-20,53196
2025-06-21,48795
2025-06-22,52061
2025-06-23,61126
2025-06-24,63386
2025-06-25,58644
2025-06-26,55558
2025-06-27,57879
2025-06-28,52225
2025-06-29,52680
2025-06-30,59804
2025-07-01,66352
2025-07-02,57664
2025-07-03,64763
2025-07-04,60504
2025-07-05,62470
2025-07-06,64635
2025-07-07,62782
2025-07-08,58821
2025-07-09,65558
2025-07-10,67207
2025-07-11,68095
2025-07-12,69718
2025-07-13,74338
2025-07-14,77533
2025-07-15,77251
2025-07-16,78186
2025-07-17,77966
2025-07-18,74372
2025-07-19,65688
2025-07-20,65077
2025-07-21,67085
2025-07-22,66555
2025-07-23,67782
2025-07-24,70051
2025-07-25,66839
2025-07-26,67541
2025-07-27,64025
2025-07-28,72062
2025-07-29,72498
2025-07-30,68514
2025-07-31,67038
2025-08-01,71967
2025-08-02,66052
2025-08-03,62982
2025-08-04,62454
2025-08-05,66250
2025-08-06,74121
2025-08-07,70652
2025-08-08,72674
2025-08-09,73604
2025-08-10,65597
2025-08-11,71051
2025-08-12,75225
2025-08-13,69475
2025-08-14,63950
2025-08-15,62319
2025-08-16,61960
2025-08-17,61075
2025-08-18,62933
2025-08-19,68069
2025-08-20,68643
2025-08-21,77711
2025-08-22,85548
2025-08-23,77789
2025-08-24,70928
2025-08-25,65620
2025-08-26,64216
2025-08-27,69648
2025-08-28,58577
2025-08-29,62965
2025-08-30,58037
2025-08-31,56264
2025-09-01,64118
2025-09-02,64205
2025-09-03,63466
2025-09-04,63386
2025-09-05,59214
2025-09-06,63514
2025-09-07,54326
2025-09-08,61719
2025-09-09,65629
2025-09-10,65705
2025-09-11,54935
2025-09-12,62452
2025-09-13,59281
2025-09-14,54968
2025-09-15,57950
2025-09-16,58250
2025-09-17,65025
2025-09-18,67361
2025-09-19,65655
2025-09-20,56981
2025-09-21,51649
2025-09-22,62386
2025-09-23,64392
2025-09-24,62732
2025-09-25,50899
2025-09-26,46625
2025-09-27,45476
2025-09-28,39277
2025-09-29,50893
2025-09-30,45435
2025-10-01,49231
2025-10-02,60864
2025-10-03,48505
2025-10-04,39712
2025-10-05,47328
2025-10-06,49855
2025-10-07,54782
2025-10-08,52367
2025-10-09,55153
2025-10-10,60083
2025-10-11,44089
2025-10-12,39188
2025-10-13,50170
2025-10-14,51165
2025-10-15,35630
2025-10-16,32430
2025-10-17,34927
2025-10-18,28062
2025-10-19,29717
2025-10-20,30408
2025-10-21,34279
2025-10-22,40244
2025-10-23,35732
2025-10-24,44521
2025-10-25,44807
2025-10-26,41473
2025-10-27,41656
2025-10-28,47475
2025-10-29,47054
2025-10-30,45306
2025-10-31,47692
2025-11-01,48342
2025-11-02,49171
2025-11-03,47846
2025-11-04,42578
2025-11-05,49001
2025-11-06,46919
2025-11-07,31665
2025-11-08,30125
2025-11-09,33371
2025-11-10,38386
2025-11-11,42226
2025-11-12,45283
2025-11-13,50792
2025-11-14,46321
2025-11-15,47260
2025-11-16,43753
2025-11-17,33018
2025-11-18,36185
2025-11-19,37904
2025-11-20,40315
2025-11-21,49019
2025-11-22,44126
2025-11-23,47288
2025-11-24,45400
2025-11-25,43857
2025-11-26,46167
2025-11-27,50779
2025-11-28,43046
2025-11-29,41353
2025-11-30,44009
2025-12-01,42343
2025-12-02,51053
2025-12-03,51260
2025-12-04,47981
2025-12-05,45910
2025-12-06,52359
2025-12-07,42564
2025-12-08,46538
2025-12-09,51099
2025-12-10,50326
2025-12-11,48346
2025-12-12,50919
2025-12-13,50904
2025-12-14,49928
2025-12-15,48679
2025-12-16,44781
2025-12-17,44507
2025-12-18,54733
2025-12-19,52391
2025-12-20,51672
2025-12-21,52170
2025-12-22,59934
2025-12-23,56995
2025-12-24,58321
2025-12-25,71905
2025-12-26,49916
2025-12-27,55454
2025-12-28,54712
2025-12-29,65216
2025-12-30,76285
2025-12-31,81200
2026-01-01,75852
2026-01-02,86420
2026-01-03,95530
2026-01-04,83301
2026-01-05,64542
2026-01-06,66939
2026-01-07,64907
2026-01-08,67041
2026-01-09,75328
2026-01-10,64603
2026-01-11,57875
2026-01-12,63009
2026-01-13,60797
2026-01-14,61836
2026-01-15,60100
2026-01-16,64715
2026-01-17,65843
2026-01-18,72298
2026-01-19,76341
2026-01-20,72217
2026-01-21,73957
2026-01-22,70663
2026-01-23,64951
2026-01-24,63836
2026-01-25,61691
2026-01-26,60687
2026-01-27,59153
2026-01-28,50961
2026-01-29,50649
2026-01-30,53180
2026-01-31,58625
2026-02-01,56702
2026-02-02,50262
2026-02-03,59807
2026-02-04,53918
2026-02-05,56227
2026-02-06,49763
2026-02-07,45196
2026-02-08,38504
2026-02-09,46293
2026-02-10,56376
2026-02-11,57138
2026-02-12,52849
2026-02-13,48349
2026-02-14,43566
2026-02-15,44269
2026-02-16,55265
2026-02-17,55642
2026-02-18,47035
2026-02-19,58110
2026-02-20,57170
2026-02-21,53574
2026-02-22,49435
2026-02-23,50686
2026-02-24,56865
2026-02-25,58902
2026-02-26,66517
2026-02-27,74455
2026-02-28,73460
2026-03-01,69642
2026-03-02,67702
2026-03-03,71058
2026-03-04,64407
2026-03-05,59369
2026-03-06,70112
2026-03-07,70463
2026-03-08,57942
2026-03-09,64729
2026-03-10,58301
2026-03-11,61073
2026-03-12,52352
2026-03-13,65771
2026-03-14,53382
2026-03-15,53500
2026-03-16,64191
2026-03-17,61395
2026-03-18,60645
2026-03-19,64961
2026-03-20,63855
2026-03-21,57264
2026-03-22,48447
2026-03-23,52159
2026-03-24,55578
2026-03-25,45223
2026-03-26,58619
2026-03-27,58326
2026-03-28,49905
2026-03-29,52285
2026-03-30,57123
2026-03-31,64138
2026-04-01,57176
2026-04-02,52558
2026-04-03,53909
2026-04-04,52610
2026-04-05,49154
2026-04-06,50708
2026-04-07,42983
2026-04-08,44420
2026-04-09,57301
2026-04-10,61751
2026-04-11,55371
2026-04-12,57742
2026-04-13,51555
2026-04-14,54688
2026-04-15,59738
2026-04-16,58606
2026-04-17,54842
2026-04-18,58168
2026-04-19,58351
2026-04-20,60620
2026-04-21,55630
2026-04-22,47155
2026-04-23,49893
2026-04-24,51352
2026-04-25,55400
2026-04-26,47844
2026-04-27,54839
2026-04-28,43578
2026-04-29,49708
2026-04-30,54448
2026-05-01,61213
2026-05-02,58614
2026-05-03,54533
2026-05-04,61156
2026-05-05,53390
2026-05-06,46786
2026-05-07,56642
2026-05-08,53986
2026-05-09,54523
2026-05-10,60377
2026-05-11,76858
2026-05-12,79121
2026-05-13,63447
2026-05-14,58065
2026-05-15,58293
2026-05-16,51358
2026-05-17,56846
2026-05-18,66895
2026-05-19,65553
2026-05-20,68831
2026-05-21,77095
2026-05-22,68118
2026-05-23,66254
2026-05-24,58917
2026-05-25,52796
2026-05-26,63725
2026-05-27,62585
2026-05-28,77509
2026-05-29,59096
2026-05-30,45404
2026-05-31,65505
2026-06-01,73556
2026-06-02,68473
2026-06-03,71479
2026-06-04,70843
2026-06-05,70867
2026-06-06,60243
2026-06-07,46787
2026-06-08,68383
2026-06-09,64055
2026-06-10,70357
2026-06-11,87982
2026-06-12,87362
2026-06-13,73506
2026-06-14,65363
2026-06-15,74503
2026-06-16,74161
2026-06-17,71634
2026-06-18,67446
2026-06-19,63486
2026-06-20,47099
2026-06-21,49195
2026-06-22,67132
2026-06-23,68441
2026-06-24,71728
2026-06-25,65952
2026-06-26,60047
2026-06-27,48754
2026-06-28,40285
2026-06-29,45119
2026-06-30,54324
2026-07-01,58402
2026-07-02,66552
2026-07-03,69538
2026-07-04,64758
2026-07-05,57881
2026-07-06,64418
2026-07-07,61597
2026-07-08,62486
2026-07-09,66234
2026-07-10,59700
2026-07-11,53823
2026-07-12,54084
2026-07-13,73719
2026-07-14,68374
2026-07-15,79805
2026-07-16,77907
2026-07-17,72513
2026-07-18,55792
2026-07-19,55187
2026-07-20,58594
2026-07-21,65936
2026-07-22,67827
2026-07-23,70484
2026-07-24,79233
2026-07-25,67762
2026-07-26,65878
2026-07-27,65614
2026-07-28,63963
2026-07-29,65876
2026-07-30,65221
2026-07-31,69390
2026-08-01,68682
2026-08-02,66174
2026-08-03,73486
2026-08-04,70146
2026-08-05,68839
2026-08-06,70489
2026-08-07,75003
2026-08-08,66836
2026-08-09,68315
2026-08-10,80122
2026-08-11,81401
2026-08-12,56947
2026-08-13,60684
2026-08-14,57922
2026-08-15,57101
2026-08-16,53368
2026-08-17,64397
2026-08-18,65843
2026-08-19,62535
2026-08-20,65127
2026-08-21,65242
2026-08-22,54582
